Name,Species,Gender,Personality,Birthday,Style 1,Style 2,Unique Entry ID
Admiral,Bird,Male,Cranky,27-Jan,Cool,,B3RyfNEqwGmcccRC3
Agent S,Squirrel,Female,Peppy,2-Jul,Active,Simple,SGMdki6dzpDZyXAw5
Agnes,Pig,Female,Big Sister,21-Apr,Simple,Elegant,jzWCiDPm9MqtCfecP
Al,Gorilla,Male,Lazy,18-Oct,Active,,LBifxETQJGEaLhBjC
Alfonso,Alligator,Male,Lazy,9-Jun,Simple,,REpd8KxB8p9aGBRSE
Alice,Koala,Female,Normal,19-Aug,Cute,,wkPJDHMMMTK24eqzC
Alli,Alligator,Female,Snooty,8-Nov,Gorgeous,Elegant,dcB3BpFLtcXHAbt5i
Amelia,Eagle,Female,Snooty,19-Nov,Cool,Elegant,gWpcHhfpuN4MSTdhF
Anabelle,Anteater,Female,Peppy,16-Feb,Cute,Simple,gvdKbp6t9xMtx5swT
Anchovy,Bird,Male,Lazy,4-Mar,Simple,,T9ya79MPxRxcR4tae
Angus,Bull,Male,Cranky,30-Apr,Cool,,jHQfWetzGf6Zhgt4u
Anicotti,Mouse,Female,Peppy,24-Feb,Simple,Elegant,oGr6N9vC3TD9raXbf
Ankha,Cat,Female,Snooty,22-Sep,Gorgeous,Simple,AWdRRws22EGTxC7vc
Annalisa,Anteater,Female,Normal,6-Feb,Elegant,Gorgeous,XTwyzscZPAA8LRdYN
Annalise,Horse,Female,Snooty,2-Dec,Elegant,Active,88YKJKvjin32GeG4H
Antonio,Anteater,Male,Jock,20-Oct,Simple,,RQNii4nDE2AWswpgE
Apollo,Eagle,Male,Cranky,4-Jul,Cool,Simple,25sZq7NjGGADiEXtR
Apple,Hamster,Female,Peppy,24-Sep,Cute,Simple,bEHwPJ3GBDZaNE4Bd
Astrid,Kangaroo,Female,Snooty,8-Sep,Cool,Active,qrki2afmbkBQ6DbmZ
Audie,Wolf,Female,Peppy,31-Aug,Cute,Active,2tufzN7iwjncqLu7Y
Aurora,Penguin,Female,Normal,27-Jan,Cute,Elegant,CXt3MBoeCZXXSRS7B
Ava,Chicken,Female,Normal,28-Apr,Elegant,Cute,93emjZzaaLb7BdkSn
Avery,Eagle,Male,Cranky,22-Feb,Simple,Gorgeous,SKF5NqPPqzjL7dEng
Axel,Elephant,Male,Jock,23-Mar,Active,Simple,K3aj3w7fLcMETyuzf
Baabara,Sheep,Female,Snooty,28-Mar,Gorgeous,Elegant,LAWZdKWcejrkbikco
Bam,Deer,Male,Jock,7-Nov,Active,Simple,2yvPukPn4ZSamngmb
Bangle,Tiger,Female,Peppy,27-Aug,Gorgeous,Cute,DvL5iP2kNCNfwc6Mv
Barold,Cub,Male,Lazy,2-Mar,Simple,Cool,6qZJQFWqeCHzPNyEZ
Bea,Dog,Female,Normal,15-Oct,Simple,Cool,DkqHjENW8fRBE9uxG
Beardo,Bear,Male,Smug,27-Sep,Elegant,,3XoqTm3LW4C4BvLBt
Beau,Deer,Male,Lazy,5-Apr,Simple,Cute,zbkkW8wWbmyGAZauv
Becky,Chicken,Female,Snooty,9-Dec,Gorgeous,Elegant,D7Atj8BuHK6mgwwvZ
Bella,Mouse,Female,Peppy,28-Dec,Cool,Active,hu4qewj6YKKmzMpYL
Benedict,Chicken,Male,Lazy,10-Oct,Simple,,BjcoELiTM3m8StExF
Benjamin,Dog,Male,Lazy,3-Aug,Simple,,wgb64Mp6XbFS2CPwj
Bertha,Hippo,Female,Normal,25-Apr,Cute,Elegant,oMQnY9fuzdtPweuLi
Bettina,Mouse,Female,Normal,12-Jun,Simple,Elegant,r9JpujcMdgTRABad9
Bianca,Tiger,Female,Peppy,13-Dec,Cute,,KGECko2WSNbQp4oRY
Biff,Hippo,Male,Jock,29-Mar,Gorgeous,Active,sT2KXbN2N3dqB6aaN
Big Top,Elephant,Male,Lazy,3-Oct,Simple,Active,o2NPbZGfMvTD7Se5i
Bill,Duck,Male,Jock,1-Feb,Active,,hcnPuswvHJykZw7BX
Billy,Goat,Male,Jock,25-Mar,Simple,Active,dqEHTSBSx5iLhGiSC
Biskit,Dog,Male,Lazy,13-May,Gorgeous,Simple,nfeef6XSSstGwrbWo
Bitty,Hippo,Female,Snooty,6-Oct,Cute,Elegant,JGyY83aN4ocBGZs8s
Blaire,Squirrel,Female,Snooty,3-Jul,Gorgeous,Elegant,SjArzqyvbHAbgRz8D
Blanche,Ostrich,Female,Snooty,21-Dec,Elegant,Gorgeous,2B4NDzz69JKjjqF9o
Bluebear,Cub,Female,Peppy,24-Jun,Cute,Simple,ytYM52sRa4vhWW9cF
Bob,Cat,Male,Lazy,1-Jan,Simple,Cute,KijzbrvT4obqCnBTw
Bonbon,Rabbit,Female,Peppy,3-Mar,Cute,Elegant,yEQijXt6x8kQxdTrD
Bones,Dog,Male,Lazy,4-Aug,Simple,Cute,Y3F5fcfjvypECTqSm
Boomer,Penguin,Male,Lazy,7-Feb,Simple,Cool,jqR8knKhx3kGYTSSd
Boone,Gorilla,Male,Jock,12-Sep,Elegant,Cool,ZgTh9dkb3k36EPZ4o
Boots,Alligator,Male,Jock,7-Aug,Gorgeous,Active,xEt4yY9KCa4KoERfM
Boris,Pig,Male,Cranky,6-Nov,Cool,Gorgeous,KRpDTZHnRjL2jn4H6
Boyd,Gorilla,Male,Cranky,1-Oct,Simple,Cool,qmod2zJ2CrQtqzrxw
Bree,Mouse,Female,Snooty,7-Jul,Elegant,Gorgeous,6khpEinhKwWjzZh9S
Broccolo,Mouse,Male,Lazy,30-Jun,Simple,Cute,yH5PZX3bdHRRxhCCX
Broffina,Chicken,Female,Snooty,24-Oct,Gorgeous,Elegant,XSjgXrChHy9Trd5Pa
Bruce,Deer,Male,Cranky,26-May,Cool,Simple,dzo5NgALeJ73j3sNd
Bubbles,Hippo,Female,Peppy,18-Sep,Active,Cute,K4k5ieRWQieA6Fqm8
Buck,Horse,Male,Jock,4-Apr,Active,Simple,Xi74RYjLgeBB8vopx
Bud,Lion,Male,Jock,8-Aug,Active,Simple,WhJYGJgSfLF4ySXhh
Bunnie,Rabbit,Female,Peppy,9-May,Cute,,XNBZBNmNXxC5bxz4t
Butch,Dog,Male,Cranky,1-Nov,Cool,Simple,NPbD69TfvJAorLZ9a
Buzz,Eagle,Male,Cranky,7-Dec,Simple,Active,LWLRkHDisDgGdJ5ju
Cally,Squirrel,Female,Normal,4-Sep,Cute,Elegant,DvkaYEh9vM2SXJLCc
Camofrog,Frog,Male,Cranky,5-Jun,Cool,Active,5akmmJeoXXhcpdf8e
Canberra,Koala,Female,Big Sister,14-May,Active,Cool,ugiHobiK9QnmA22ym
Candi,Mouse,Female,Peppy,13-Apr,Simple,Cute,4CimNs6T9nDNQuiYH
Carmen,Rabbit,Female,Peppy,6-Jan,Elegant,Cute,pAFu4JyZ333Ysoezk
Caroline,Squirrel,Female,Normal,15-Jul,Cute,Gorgeous,Th3uHvMcYaf9eT2Df
Carrie,Kangaroo,Female,Normal,5-Dec,Cute,,igeZhX3Fqa8LdKEra
Cashmere,Sheep,Female,Snooty,2-Apr,Gorgeous,Elegant,dnRDXd86NcXDNHyf4
Celia,Eagle,Female,Normal,25-Mar,Elegant,Cute,L8cCZBvY4JW4KsDGy
Cesar,Gorilla,Male,Cranky,6-Sep,Cool,Elegant,pDKMq8PfxWLXWrsvT
Chadder,Mouse,Male,Smug,15-Dec,Elegant,Gorgeous,4BLXuRhdjJ9TzvRyA
Charlise,Bear,Female,Big Sister,17-Apr,Active,Cute,QqCXo64EBwXSrukSr
Cheri,Cub,Female,Peppy,17-Mar,Simple,Cute,MpumYkzF382cPoRt5
Cherry,Dog,Female,Big Sister,11-May,Cool,Elegant,tafi3Cfsf4wbwC9LW
Chester,Cub,Male,Lazy,6-Aug,Simple,,46bDn76rBA3hNjFZu
Chevre,Goat,Female,Normal,6-Mar,Cute,Elegant,XutRmNyAP4NogwPaR
Chief,Wolf,Male,Cranky,19-Dec,Cool,Simple,d3STnZCPAxLzrEzMd
Chops,Pig,Male,Smug,13-Oct,Gorgeous,Elegant,8t9Bc5vqJ2vbtcjf5
Chow,Bear,Male,Cranky,22-Jul,Cool,Gorgeous,M3LhuYKZCmR5K9ckA
Chrissy,Rabbit,Female,Peppy,28-Aug,Cute,,pYMsB8AHagkRht8RX
Claude,Rabbit,Male,Lazy,3-Dec,Simple,,PPFtt3uWkRQNMg2tZ
Claudia,Tiger,Female,Snooty,22-Nov,Gorgeous,Elegant,xCyuFvwryTntgPgvW
Clay,Hamster,Male,Lazy,19-Oct,Elegant,Simple,K9s2bvx54sfHw8mZ8
Cleo,Horse,Female,Snooty,9-Feb,Cute,Elegant,XwxskQMt5rJT8EnH5
Clyde,Horse,Male,Lazy,1-May,Simple,Cute,2iBqzRfTRaddw2EXi
Coach,Bull,Male,Jock,29-Apr,Active,,mYwCLsd8MxLwWALjQ
Cobb,Pig,Male,Jock,7-Oct,Simple,Active,mTNPvAaoYMmPndYnm
Coco,Rabbit,Female,Normal,1-Mar,Simple,Cute,2g7sGcTtHcJeWtwNM
Cole,Rabbit,Male,Lazy,10-Aug,Simple,Cute,YaWjP3XtbFqn8YPNd
Colton,Horse,Male,Smug,22-May,Gorgeous,Elegant,GgsrLhmh3FL4ZiAPB
Cookie,Dog,Female,Peppy,18-Jun,Cute,,YvNrsTEJsqkpdRNqL
Cousteau,Frog,Male,Jock,17-Dec,Elegant,Gorgeous,XPhZym7Wxu926eLD8
Cranston,Ostrich,Male,Lazy,23-Sep,Simple,Cool,Wbivs7b7D3NZ7q9y9
Croque,Frog,Male,Cranky,18-Jul,Elegant,Cool,SqHZjtuNfu7DAXYDE
Cube,Penguin,Male,Lazy,29-Jan,Simple,Cute,YskkqbSnYwCh63Sru
Curlos,Sheep,Male,Smug,8-May,Active,Gorgeous,B6tM7dBSpcaMrAGrF
Curly,Penguin,Male,Jock,26-Jul,Simple,Active,kRGwwKyoSLKh9g2Tk
Curt,Bear,Male,Cranky,1-Jul,Cool,,w7y7v3w49B7KkDXbg
Cyd,Elephant,Male,Cranky,9-Jun,Cool,Active,edCh8EDStBMbyskYa
Cyrano,Anteater,Male,Cranky,9-Mar,Cool,Active,JaNDeYdAuiJCYZbAx
Daisy,Dog,Female,Normal,16-Nov,Simple,Cute,2u92atfG2uMg2J8sS
Deena,Duck,Female,Normal,27-Jun,Simple,Cute,dXBazBPxXu9QGrAzM
Deirdre,Deer,Female,Big Sister,4-May,Simple,,ibnMhhdYMGHYr9RAZ
Del,Alligator,Male,Cranky,27-May,Cool,Simple,Eqn3ZXJtMBrEYtm7u
Deli,Monkey,Male,Lazy,24-May,Gorgeous,Elegant,zh7aML2hmMKy5bbiR
Derwin,Duck,Male,Lazy,25-May,Simple,Elegant,nBcDHyXheHurcisiL
Diana,Deer,Female,Snooty,4-Jan,Elegant,Gorgeous,QGyW9QJjjxo3jta6j
Diva,Frog,Female,Big Sister,2-Oct,Gorgeous,Elegant,FmQ9x68HncTm8vdsG
Dizzy,Elephant,Male,Lazy,14-Jul,Simple,,vthzJrsaM6Y7dykA5
Dobie,Wolf,Male,Cranky,17-Feb,Simple,Cool,YjMXvmH5eovNYShdE
Doc,Rabbit,Male,Lazy,16-Mar,Simple,Elegant,iasth9JRLdRvLzuQ7
Dom,Sheep,Male,Jock,18-Mar,Active,Cute,T6YJZ7vj2X52zmDcp
Dora,Mouse,Female,Normal,18-Feb,Simple,Elegant,9Qpj5fqp4E8PvGGFw
Dotty,Rabbit,Female,Peppy,14-Mar,Simple,Cute,CRMJaAokcTnrXsQdp
Drago,Alligator,Male,Lazy,12-Feb,Elegant,Gorgeous,qjqzytG4LCEoong4w
Drake,Duck,Male,Lazy,25-Jun,Cool,Simple,CKAsCWnKjfQYG8R7v
Drift,Frog,Male,Jock,9-Oct,Simple,Active,gf6jM4si5zSEFjf9w
Ed,Horse,Male,Smug,16-Sep,Gorgeous,Elegant,JmHu7aFcqj9hxKupZ
Egbert,Chicken,Male,Lazy,14-Oct,Simple,,jRwtNxCCWuznSMCZy
Elise,Monkey,Female,Snooty,21-Mar,Elegant,Gorgeous,taRZ4jRFMGPkxCZo4
Ellie,Elephant,Female,Normal,12-May,Simple,Cute,odt2kdswLHE2YMkQd
Elmer,Horse,Male,Lazy,5-Oct,Simple,Cool,LcRhQqeH8u7PboJ73
Eloise,Elephant,Female,Snooty,8-Dec,Elegant,Simple,6QughAEZFkYZ5vKpw
Elvis,Lion,Male,Cranky,23-Jul,Gorgeous,Elegant,4jYpCpw9nooMZHR8s
Erik,Deer,Male,Lazy,27-Jul,Simple,,BJcXu5LtRBo8DdZ2v
Eugene,Koala,Male,Smug,26-Oct,Cool,Gorgeous,2XX9mSSzxEhwXMi4f
Eunice,Sheep,Female,Normal,3-Apr,Simple,Elegant,dbAfEFetNQpXajtch
Fang,Wolf,Male,Cranky,18-Dec,Simple,Cool,PFvvq6NGpsRgCwg2z
Fauna,Deer,Female,Normal,26-Mar,Simple,Cute,kB5jGQAqkLnh8LxWy
Felicity,Cat,Female,Peppy,30-Mar,Cute,,ygF99DNm88JRXvKLi
Filbert,Squirrel,Male,Lazy,3-Jun,Simple,Cute,ffo6sBoX9fkMB4bem
Flip,Monkey,Male,Jock,21-Nov,Active,Simple,ADkNZkrRxdSrfGFH8
Flo,Penguin,Female,Big Sister,2-Sep,Cool,Gorgeous,6cB5T5yZtevY6d2jp
Flora,Ostrich,Female,Peppy,9-Feb,Cute,Active,eDX52Zi7H7qifrwYm
Flurry,Hamster,Female,Normal,30-Jan,Elegant,Cute,B4cpBYrewfSK3WN6M
Francine,Rabbit,Female,Snooty,22-Jan,Elegant,Gorgeous,eJZX7wDRYqatmKBKr
Frank,Eagle,Male,Cranky,30-Jul,Gorgeous,Cool,8BgXtjz2mfGBrZwCm
Freckles,Duck,Female,Peppy,19-Feb,Simple,Cute,AcYKxih6FpRRyZDs4
Freya,Wolf,Female,Snooty,14-Dec,Elegant,Cool,qyoMuqvPA4Wqp3Ybn
Friga,Penguin,Female,Snooty,16-Oct,Elegant,Gorgeous,uk9DGWqzxRT4TEJbm
Frita,Sheep,Female,Big Sister,16-Jul,Active,Cute,79EahCMHHzp3BwH7x
Frobert,Frog,Male,Jock,8-Feb,Active,Simple,YXidGR87Fi7mov7Po
Fuchsia,Deer,Female,Big Sister,19-Sep,Cool,,Z98WrodjQxXZAACLA
Gabi,Rabbit,Female,Peppy,16-Dec,Cute,Gorgeous,WC97mFMgiZixDfcRZ
Gala,Pig,Female,Normal,5-Mar,Cute,Elegant,84NHBxaLCDPy48Xpx
Gaston,Rabbit,Male,Cranky,28-Oct,Simple,Gorgeous,5TXosg4PLkG4jZ3AD
Gayle,Alligator,Female,Normal,17-May,Cute,,HY5swi9u3np5LyR8Q
Genji,Rabbit,Male,Jock,21-Jan,Elegant,Simple,zFPwakzpAr8fmL4FM
Gigi,Frog,Female,Snooty,11-Aug,Gorgeous,Elegant,QX93pNfztrLZvLxdC
Gladys,Ostrich,Female,Normal,15-Jan,Elegant,Cute,ZSLn6jgRc5W4oZA4f
Gloria,Duck,Female,Snooty,12-Aug,Gorgeous,Elegant,7iiegnbmMRDeDaC3t
Goldie,Dog,Female,Normal,27-Dec,Simple,Cute,RdpZtkYzLeivKyx7Z
Gonzo,Koala,Male,Cranky,13-Oct,Simple,Cool,SFkpDu8Bxgot4ShcP
Goose,Chicken,Male,Jock,4-Oct,Simple,Active,5iSyoeFknLsoYManw
Graham,Hamster,Male,Smug,20-Jun,Simple,Cool,D86CPtiT7ssiFexPE
Greta,Mouse,Female,Snooty,5-Sep,Elegant,Simple,jKZuhKCACcaqpDCNQ
Grizzly,Bear,Male,Cranky,31-Jul,Cool,Simple,ePDrk4wsbfZAu4rA3
Groucho,Bear,Male,Cranky,23-Oct,Cool,Simple,QC3CiJqhhcm9WpAho
Gruff,Goat,Male,Cranky,29-Aug,Cool,Gorgeous,oTGj76upYyWRcG34C
Gwen,Penguin,Female,Snooty,23-Jan,Gorgeous,Elegant,jFBkwJJrXK4mJ2giR
Hamlet,Hamster,Male,Jock,30-May,Simple,Active,LA2HHrtZ6beHgmKpL
Hamphrey,Hamster,Male,Cranky,25-Feb,Cool,Simple,bp3ns8FmZnYBL7CqD
Hans,Gorilla,Male,Smug,5-Dec,Elegant,Gorgeous,rAgKSRJPoazkBPS5d
Harry,Hippo,Male,Cranky,7-Jan,Cool,Simple,dtAkeJzvhPfGXH7pk
Hazel,Squirrel,Female,Big Sister,30-Aug,Active,Cute,PfTkvEmpjE2HR3SeD
Henry,Frog,Male,Smug,21-Sep,Cool,Simple,RNats2ap2rGvbdcKn
Hippeux,Hippo,Male,Smug,15-Oct,Elegant,Gorgeous,WjAPWpCx6bTjKiZjw
Hopkins,Rabbit,Male,Lazy,11-Mar,Simple,Active,EeTwHAQeWyShyg7pm
Hopper,Penguin,Male,Cranky,6-Apr,Cool,Simple,FP3bdBM2RSjWTXYHK
Hornsby,Rhino,Male,Lazy,20-Mar,Simple,,KuDi35nStc6mtd3F8
Huck,Frog,Male,Smug,9-Jul,Simple,Cool,KWx6zRZpPoaQy2PMD
Hugh,Pig,Male,Lazy,30-Dec,Simple,Active,Ko7gAjWQAY3PY5DLi
Iggly,Penguin,Male,Jock,2-Nov,Active,Simple,qZtYZEyzeZv2qhoJD
Ike,Bear,Male,Cranky,16-May,Cool,,BvhNkdNxf2kJue7kp
Jacob,Bird,Male,Lazy,24-Aug,Simple,,HBYP4stJTe3eGEepn
Jacques,Bird,Male,Smug,22-Jun,Cool,Simple,sXDhuuCThhtuQRDAe
Jambette,Frog,Female,Normal,27-Oct,Cool,,9bG8kLsEtaodApHoX
Jay,Bird,Male,Jock,17-Jul,Active,,zv7EfaEb2TnPwmQxe
Jeremiah,Frog,Male,Lazy,8-Jul,Simple,,Z9mmrgQ578rPeLdjp
Jitters,Bird,Male,Jock,2-Feb,Active,,TksYZm8hEYAeDWD2X
Joey,Duck,Male,Lazy,3-Jan,Simple,,EkpmSi299YR9BP96Y
Judy,Cub,Female,Snooty,10-Mar,Cute,Elegant,nEbMBNS4EztR8Ysxv
Julia,Ostrich,Female,Snooty,31-Jul,Elegant,Gorgeous,z8F5zPavZfhe6xqEi
Julian,Horse,Male,Smug,15-Mar,Gorgeous,Cool,CqhXFKr8hdfYSYpRA
June,Cub,Female,Normal,21-May,Cute,Simple,kYaqSE3C2y7EYSXfi
Kabuki,Cat,Male,Cranky,29-Nov,Simple,,d2DY8aRv5AfFtkneg
Katt,Cat,Female,Big Sister,27-Apr,Cool,,6rE8fTRLqKCERS4dQ
Keaton,Eagle,Male,Smug,1-Jun,Gorgeous,Cool,WRueK9fukhKgMrWZa
Ken,Chicken,Male,Smug,23-Dec,Cool,Simple,gQZ4xwZeRvqmswoGY
Ketchup,Duck,Female,Peppy,27-Jul,Cute,,CaQE3xJ4A7tgQXDMW
Kevin,Pig,Male,Jock,26-Apr,Active,Simple,fGznAwhaxGN66K38Q
Kid Cat,Cat,Male,Jock,1-Aug,Active,Simple,Jd6z54x98v4uJhubB
Kidd,Goat,Male,Smug,28-Jun,Elegant,Cool,Pv4qNLnQ4NquvddfQ
Kiki,Cat,Female,Normal,8-Oct,Simple,,QTwru2TFs99vCznLg
Kitt,Kangaroo,Female,Normal,11-Oct,Elegant,Simple,jjReK7y42rnNZmQe6
Kitty,Cat,Female,Snooty,15-Feb,Elegant,Gorgeous,E6MnPthbMdNSvhHE5
Klaus,Bear,Male,Smug,31-Mar,Simple,,cFgAWnZ4nhq7DfrN7
Knox,Chicken,Male,Cranky,23-Nov,Elegant,Gorgeous,25GGGSHzwEnKmepJk
Kody,Cub,Male,Jock,28-Sep,Active,Simple,j9pPANZ9zsm6Mobh2
Kyle,Wolf,Male,Smug,6-Dec,Gorgeous,Cool,Q68JosFG2FvzG7QC3
Leonardo,Tiger,Male,Jock,15-May,Active,Gorgeous,bZqAHvDsp82Ptify8
Leopold,Lion,Male,Smug,14-Aug,Elegant,Gorgeous,nn3GdKz434cBryvyC
Lily,Frog,Female,Normal,4-Feb,Cute,Simple,CQG32Qp7hhepeaRbg
Limberg,Mouse,Male,Cranky,17-Oct,Simple,Cool,BnXXdXegMXE9HmZiy
Lionel,Lion,Male,Smug,29-Jul,Gorgeous,Active,EQYQEL4crTYEN9yJs
Lobo,Wolf,Male,Cranky,5-Nov,Cool,Active,9QsHyDimk75LPvBsn
Lolly,Cat,Female,Normal,27-Mar,Simple,,ucvTsRXewrZsFj64Y
Lopez,Deer,Male,Smug,20-Aug,Gorgeous,,wBJRdKXMHcPyHDPEj
Louie,Gorilla,Male,Jock,26-Mar,Active,Simple,emwaesnBa9EmWvW89
Lucha,Bird,Male,Smug,12-Dec,Active,Cool,se8G8LxivnMhgBiRE
Lucky,Dog,Male,Lazy,4-Nov,Simple,,WtvwKvChcpgZ4WcQB
Lucy,Pig,Female,Normal,2-Jun,Cute,Elegant,8FpMvE2W6YJtmTpiQ
Lyman,Koala,Male,Jock,12-Oct,Simple,Active,cnByupc7McZQg8sNJ
Mac,Dog,Male,Jock,11-Nov,Active,Cool,bLyixhvrCHgBYzvoX
Maddie,Dog,Female,Peppy,11-Jan,Simple,Cute,ebHEDLT4WnnnPtDzK
Maelle,Duck,Female,Snooty,8-Apr,Cool,Simple,bHTDLovALeQz9PK4z
Maggie,Pig,Female,Normal,3-Sep,Cute,Elegant,ByLM9r2q7mRAMbgXs
Mallary,Duck,Female,Snooty,17-Nov,Cool,Gorgeous,jhXJGTWpk3ycr6kZC
Maple,Cub,Female,Normal,15-Jun,Simple,Cute,xgPhy4TnDmnzSkZ6o
Marcel,Dog,Male,Lazy,31-Dec,Simple,Cool,63FsmgrS7QPpFvL3N
Marcie,Kangaroo,Female,Normal,31-May,Cute,Elegant,mSJuJRK54zTu3BkHr
Margie,Elephant,Female,Normal,28-Jan,Elegant,Cute,rnFzZ3Z4gFAv6ouqG
Marina,Octopus,Female,Normal,26-Jun,Cute,,BQCu2GxBFFTuigDAY
Marshal,Squirrel,Male,Smug,29-Sep,Elegant,Cool,ZZJJbE5zFrcDXfLEF
Mathilda,Kangaroo,Female,Snooty,12-Nov,Cool,Gorgeous,GSsfXWFSF3FEdbcjA
Megan,Bear,Female,Normal,13-Mar,Cute,Simple,tgsKz4BX3wxFRFrFZ
Melba,Koala,Female,Normal,12-Apr,Cute,,sLBs68aveqtjT8HZJ
Merengue,Rhino,Female,Normal,19-Mar,Cute,Simple,qxaecyD6f6aHuNZKK
Merry,Cat,Female,Peppy,29-Jun,Cute,,uhd4aEuBudwu9pM6E
Midge,Bird,Female,Normal,12-Mar,Cute,Simple,WSnecxx3DREYtZ3p3
Mint,Squirrel,Female,Snooty,2-May,Gorgeous,Cute,TgwEuBB4kt96EXAvt
Mira,Rabbit,Female,Big Sister,6-Jul,Active,Cool,ycquvbgfbCzktuLvn
Miranda,Duck,Female,Snooty,23-Apr,Elegant,Gorgeous,9AE7bEWmthdc7kZ4m
Mitzi,Cat,Female,Normal,25-Sep,Simple,,4DpkbYXeoySwonvkS
Moe,Cat,Male,Lazy,12-Jan,Active,Simple,EYRuj39J5cS5eYuPD
Molly,Duck,Female,Normal,7-Mar,Cute,Simple,4RLK74MDFhcXAQeuL
Monique,Cat,Female,Snooty,30-Sep,Gorgeous,Elegant,6rhSBCp2M4wcM9cRG
Monty,Monkey,Male,Cranky,7-Dec,Cool,,AB2WWajw4nPsxsQ5h
Moose,Mouse,Male,Jock,13-Sep,Cool,Gorgeous,bqireWGDZg56QP8JF
Mott,Lion,Male,Jock,10-Jul,Active,Elegant,upZ67GQyTzKPGCLm8
Muffy,Sheep,Female,Big Sister,14-Feb,Gorgeous,Elegant,BMbfDZTTqMr8T4Jvt
Murphy,Cub,Male,Cranky,29-Dec,Simple,Cool,Nw4ojqKpHxBQfEqqo
Nan,Goat,Female,Normal,24-Aug,Simple,Elegant,oGFWxL6p7g9Hq5LWK
Nana,Monkey,Female,Normal,23-Aug,Cute,,z95tvdzwWsxjXbpqP
Naomi,Cow,Female,Snooty,28-Feb,Elegant,Gorgeous,3EXPYiDinngndhDng
Nate,Bear,Male,Lazy,16-Aug,Simple,,h2nAg5RGkR7NEnSQq
Nibbles,Squirrel,Female,Peppy,19-Jul,Cute,Active,Moh8bkfxWaxEa97mG
Norma,Cow,Female,Normal,20-Sep,Cute,Simple,fwgBojtt5KTvk3TL5
O'Hare,Rabbit,Male,Smug,24-Jul,Active,Cool,WDB4w6DdNpdhCvEuj
Octavian,Octopus,Male,Cranky,20-Sep,Cool,Simple,nLsc5geQY78JR7j4S
Olaf,Anteater,Male,Smug,19-May,Elegant,Gorgeous,ar73BhCacgwhTNYnX
Olive,Cub,Female,Normal,12-Jul,Simple,,7ZynzrsbeH5fMqvLu
Olivia,Cat,Female,Snooty,3-Feb,Cool,Elegant,9TaBZpKSgb9nEWwtH
Opal,Elephant,Female,Snooty,20-Jan,Elegant,Cool,FYopCfP6LEKMEAP7F
Ozzie,Koala,Male,Lazy,7-May,Simple,Cute,jn3GZEfXoGm3ahwd3
Pancetti,Pig,Female,Snooty,14-Nov,Cute,Gorgeous,bjvvbcuiiN9pYiZA9
Pango,Anteater,Female,Peppy,9-Nov,Elegant,Cool,dz29mEXmHc8mM3q7R
Paolo,Elephant,Male,Lazy,5-May,Simple,Elegant,jH9AH2BeLRwtsFwHQ
Papi,Horse,Male,Lazy,10-Jan,Simple,,miKjvBKFawhzBB8rW
Pashmina,Goat,Female,Big Sister,26-Dec,Cool,Elegant,hftL8Ep8ffr3PWTuE
Pate,Duck,Female,Peppy,23-Feb,Simple,Cute,DHBvGmtvAKgcEQiLx
Patty,Cow,Female,Peppy,10-May,Simple,Cute,WwWCGiveKwyuntnBe
Paula,Bear,Female,Big Sister,22-Mar,Cute,Active,mt4oJ6k5CJTCGJXAZ
Peaches,Horse,Female,Normal,28-Nov,Cute,Simple,SRuoS7z66df8wdynd
Peanut,Squirrel,Female,Peppy,8-Jun,Cute,,ZcdcgJXwiH4rJg2JK
Pecan,Squirrel,Female,Snooty,10-Sep,Elegant,Gorgeous,qJmNiqamwRRxHc4fY
Peck,Bird,Male,Jock,25-Jul,Simple,Active,TC9QnMpcjfskBGzwB
Peewee,Gorilla,Male,Cranky,11-Sep,Active,Cool,HAeZAgW5pywjmCBeu
Peggy,Pig,Female,Peppy,23-May,Cute,Active,YReGwLNQoegR9PhZx
Pekoe,Cub,Female,Normal,18-May,Elegant,Cute,QvWvWxjFtNLCnZES5
Penelope,Mouse,Female,Peppy,5-Feb,Cute,Gorgeous,L9mYm8tvKg32G85cv
Phil,Ostrich,Male,Smug,27-Nov,Elegant,Cool,rCHTjrbTz7pejGT8J
Phoebe,Ostrich,Female,Big Sister,22-Apr,Gorgeous,Cool,HYJxoDdCoLS7uPdz9
Pierce,Eagle,Male,Jock,8-Jan,Elegant,Active,aavqm5o5TcTxgrBs6
Pietro,Sheep,Male,Smug,19-Apr,Gorgeous,Simple,fLBrHLToMTBrc5Was
Pinky,Bear,Female,Peppy,9-Sep,Cute,Simple,CLQDMiLJYw9de8t7c
Piper,Bird,Female,Peppy,18-Apr,Elegant,Gorgeous,B9nGDw29C3MeZeiob
Pippy,Rabbit,Female,Peppy,14-Jun,Cute,Simple,zRveogN878Fugd5ga
Plucky,Chicken,Female,Big Sister,12-Oct,Cool,Simple,8v54MppXDZwDS2viK
Pompom,Duck,Female,Peppy,11-Feb,Cute,Simple,D4EfZuiFQqxXAaxa5
Poncho,Cub,Male,Jock,2-Jan,Simple,,2yyqShsyFuek2xsPq
Poppy,Squirrel,Female,Normal,5-Aug,Cute,Elegant,NaP65qNMvxYTzTXrs
Portia,Dog,Female,Snooty,25-Oct,Elegant,Gorgeous,XAP6AcqdXDufCkTAd
Prince,Frog,Male,Lazy,21-Jul,Simple,Active,3YQrrLRvCYt62wMLi
Puck,Penguin,Male,Lazy,21-Feb,Active,Simple,qnejmf3Q7jvCoBvw7
Puddles,Frog,Female,Peppy,13-Jan,Cute,Gorgeous,TuEiYBT2nG3qNT2RX
Pudge,Cub,Male,Lazy,11-Jun,Simple,,QGD2qdJ8oyu4SS7To
Punchy,Cat,Male,Lazy,11-Apr,Simple,,Q8Qds8CMWMnXTGbqf
Purrl,Cat,Female,Snooty,29-May,Cool,Elegant,ZgpbeQ6LW63qq2yok
Queenie,Ostrich,Female,Snooty,13-Nov,Gorgeous,Elegant,4vYPTrcRBimNwXmcC
Quillson,Duck,Male,Smug,22-Dec,Elegant,Cool,tdfJ4MAeE2pKDxxNd
Raddle,Frog,Male,Lazy,6-Jun,Elegant,Simple,Xi6NDcp6NptRB9WDz
Rasher,Pig,Male,Cranky,7-Apr,Cool,Simple,vhd6ReEt63uAnpYsq
Raymond,Cat,Male,Smug,1-Oct,Elegant,Cool,2nbzgWsuDBSN2LeEj
Renï¿½e,Rhino,Female,Big Sister,28-May,Cool,Active,ZyeqzXyxABEFXsS5c
Reneigh,Horse,Female,Big Sister,4-Jun,Cool,Gorgeous,4rRW9HkPYfAWBQvWC
Rex,Lion,Male,Lazy,24-Jul,Simple,Cute,umQmbALHn7dbiMrYL
Rhonda,Rhino,Female,Normal,24-Jan,Elegant,Gorgeous,BjYi6hQsSg6sQcxhm
Ribbot,Frog,Male,Jock,13-Feb,Simple,Active,vg2BFTmhyyhbiHtbC
Ricky,Squirrel,Male,Cranky,14-Sep,Cool,Simple,g5JArfBAeNAXb8rFX
Rizzo,Mouse,Male,Cranky,17-Jan,Simple,Cool,vmbvXTtjpswNLkcpi
Roald,Penguin,Male,Jock,5-Jan,Active,Simple,kxpZTdDuacHxQA3An
Robin,Bird,Female,Snooty,4-Dec,Elegant,Cool,xK49Rcb2Lnm5P4aLM
Rocco,Hippo,Male,Cranky,18-Aug,Simple,Cool,vfET6L7B9ruRApyMb
Rocket,Gorilla,Female,Big Sister,14-Apr,Active,Cool,eJNBB5SYzfj5DaWjx
Rod,Mouse,Male,Jock,14-Aug,Active,Cool,ezLuGMubv35hSamPr
Rodeo,Bull,Male,Lazy,29-Oct,Simple,Cool,QNT5F2pjZixKpiD4D
Rodney,Hamster,Male,Smug,10-Nov,Gorgeous,Cool,AnFmctYx65LkTaFGu
Rolf,Tiger,Male,Cranky,22-Aug,Cool,Active,MA2wxkE7cEyD4f4hz
Rooney,Kangaroo,Male,Cranky,1-Dec,Active,,9wnSweJyqfd4izW4M
Rory,Lion,Male,Jock,7-Aug,Simple,Active,hAfSborD4JtyNGFd6
Roscoe,Horse,Male,Cranky,16-Jun,Cool,Gorgeous,RKAg95c8nosL8fNec
Rosie,Cat,Female,Peppy,27-Feb,Cute,,NTwyXi4RAX4EKTcW6
Rowan,Tiger,Male,Jock,26-Aug,Active,Simple,WqtXZv8CLheckbHoF
Ruby,Rabbit,Female,Peppy,25-Dec,Cute,Active,rjbSmp6a8PdsEw9BM
Rudy,Cat,Male,Jock,20-Dec,Active,Simple,TqXTvnySgEac3iEt7
Sally,Squirrel,Female,Normal,19-Jun,Simple,Elegant,jtXMvWWbQ9qN2iw7S
Samson,Mouse,Male,Jock,5-Jul,Simple,Active,XFzdPqYwq4n98EpuF
Sandy,Ostrich,Female,Normal,21-Oct,Simple,Cool,6t3MfdfbyRKwjgNPd
Savannah,Horse,Female,Normal,25-Jan,Cool,Simple,Mquwz8gbb3EEmazyF
Scoot,Duck,Male,Jock,13-Jun,Active,Simple,wanb7GiQ9fe6puXe8
Shari,Monkey,Female,Big Sister,10-Apr,Cute,Active,sR4EndxJk6uqcQKxB
Sheldon,Squirrel,Male,Jock,26-Feb,Active,Cool,KQG9B6Yp57KhnDiZ9
Shep,Dog,Male,Smug,24-Nov,Simple,Cool,P4FqMoZg2EJQ6EzAb
Sherb,Goat,Male,Lazy,18-Jan,Simple,Cute,XaaDkAfHynrEY2YS4
Simon,Monkey,Male,Lazy,19-Jan,Simple,Active,mTk2qZXe4XwP3WzNT
Skye,Wolf,Female,Normal,24-Mar,Cute,,y8Mi2cSB26qfaxCa3
Sly,Alligator,Male,Jock,15-Nov,Cool,Simple,GbXz3ZAtzig3qyKd5
Snake,Rabbit,Male,Jock,3-Nov,Active,Simple,LZcGjneEs8xmxNE3q
Snooty,Anteater,Female,Snooty,24-Oct,Simple,,hZmkhmRhK7xgM6BhP
Soleil,Hamster,Female,Snooty,9-Aug,Cool,Gorgeous,EzZzup4KP8t2FvL8f
Sparro,Bird,Male,Jock,20-Nov,Active,Simple,kyF7bCcryEzaErcTJ
Spike,Rhino,Male,Cranky,17-Jun,Cool,Gorgeous,e8bJbKYBcretqhbuR
Spork,Pig,Male,Lazy,3-Sep,Simple,Active,NeqP5jCsuLugbA2PW
Sprinkle,Penguin,Female,Peppy,20-Feb,Cute,Elegant,5ffTHHjgjsXGAcsb3
Sprocket,Ostrich,Male,Jock,1-Dec,Simple,Active,mFq536yZgoy7zEbKd
Static,Squirrel,Male,Cranky,9-Jul,Cool,Active,vqPjvoChWTNpj2t6E
Stella,Sheep,Female,Normal,9-Apr,Simple,,PnrARfxc8picdtvL8
Sterling,Eagle,Male,Jock,11-Dec,Simple,Elegant,u7tJskupjfv3Ejedt
Stinky,Cat,Male,Jock,17-Aug,Active,Simple,daE2wDXCWHDJZBkD4
Stitches,Cub,Male,Lazy,10-Feb,Simple,Cute,SfGuc8givs3kR8kvM
Stu,Bull,Male,Lazy,20-Apr,Simple,,rcPtvvvscvkEWG7AF
Sydney,Koala,Female,Normal,21-Jun,Cute,Simple,crrWmmqsC9RfmZNCS
Sylvana,Squirrel,Female,Normal,22-Oct,Cute,Simple,MBkrN9pXkoACmfPdE
Sylvia,Kangaroo,Female,Big Sister,3-May,Simple,Gorgeous,PZsBTkeYBg5ACE5xB
T-Bone,Bull,Male,Cranky,20-May,Cool,Simple,QLPX4QqjhiPwCLcko
Tabby,Cat,Female,Peppy,13-Aug,Active,Cool,P3ouRnR3NRSch3LaC
Tad,Frog,Male,Jock,3-Aug,Active,Simple,v74Hs9XT2zRC6gDjE
Tammi,Monkey,Female,Peppy,2-Apr,Cute,Active,vYWvCyge46SGeHfHH
Tammy,Cub,Female,Big Sister,23-Jun,Cool,Active,vw7ussv29jkjDdnJ7
Tangy,Cat,Female,Peppy,17-Jun,Simple,Cute,eeMEC83wHWmKuHNvh
Tank,Rhino,Male,Jock,6-May,Active,Simple,tq4TfLyNJx7un4h2m
Tasha,Squirrel,Female,Snooty,30-Nov,Elegant,Gorgeous,i3FzxyjfuBzy7Fnv3
Teddy,Bear,Male,Jock,26-Sep,Simple,,JhB2GSBmZCpaqRGDv
Tex,Penguin,Male,Smug,6-Oct,Cool,Elegant,99QcysqkrEZ7ycBWs
Tia,Elephant,Female,Normal,18-Nov,Cute,Elegant,2SK8tjSB8JvYLgPn9
Tiffany,Rabbit,Female,Snooty,9-Jan,Gorgeous,Cool,yhaDSkcEFYP6urwjN
Timbra,Sheep,Female,Snooty,21-Oct,Elegant,Gorgeous,yafB94xabfKKPPNSp
Tipper,Cow,Female,Snooty,25-Aug,Gorgeous,Cute,ZWevBdWKRpz7DC7B4
Tom,Cat,Male,Cranky,10-Dec,Cool,Simple,2vHKegY3XyX2DBc6G
Truffles,Pig,Female,Peppy,28-Jul,Cute,Gorgeous,3oNZnyk4zv3zJD2m5
Tucker,Elephant,Male,Lazy,7-Sep,Active,Simple,96HCsK6H2c7J2ARMa
Tutu,Bear,Female,Peppy,15-Sep,Cute,Simple,HqboYio5a8bRbKtcL
Twiggy,Bird,Female,Peppy,13-Jul,Simple,Cute,P6sD4cQvXFHHvNcz8
Tybalt,Tiger,Male,Jock,19-Aug,Active,Simple,Q49mH4FY3BrgFDoyN
Ursala,Bear,Female,Big Sister,16-Jan,Simple,Cute,zodRh39TrqXPbGW49
Velma,Goat,Female,Snooty,14-Jan,Elegant,Gorgeous,PkAYXk745ZHBE69a9
Vesta,Sheep,Female,Normal,16-Apr,Simple,Cute,pkzxW9Pmtd39TMdDH
Vic,Bull,Male,Cranky,29-Dec,Cool,Active,9ouwtyzDNP65WJv77
Victoria,Horse,Female,Peppy,11-Jul,Active,Simple,R5zfwZxyxaa6gue4d
Violet,Gorilla,Female,Snooty,1-Sep,Gorgeous,Cool,z7N6aubfytXa7Z4Me
Vivian,Wolf,Female,Snooty,26-Jan,Gorgeous,Elegant,tWyG3bE5fwvNNGpWM
Vladimir,Cub,Male,Cranky,2-Aug,Simple,Cool,Eskwc34f2x6Qx6ZNT
Wade,Penguin,Male,Lazy,30-Oct,Simple,Gorgeous,cy2hRtipGaiHEBPd8
Walker,Dog,Male,Lazy,10-Jun,Simple,,rh6PGwW3Lg6EFcfo6
Walt,Kangaroo,Male,Cranky,24-Apr,Cool,,wN36ADi7MxiLNJ3Eu
Wart Jr.,Frog,Male,Cranky,21-Aug,Simple,,HCbj4RPsBexGWd2Sy
Weber,Duck,Male,Lazy,30-Jun,Cool,Simple,QrbKSTR4H9tFKBofW
Wendy,Sheep,Female,Peppy,15-Aug,Cool,Gorgeous,YyW9WdsWe6EgMF4Mq
Whitney,Wolf,Female,Snooty,17-Sep,Elegant,Cool,KbixDxCFpoWTimarv
Willow,Sheep,Female,Snooty,26-Nov,Cute,Gorgeous,HT58xc2w7ootdCRWb
Winnie,Horse,Female,Peppy,31-Jan,Cool,Simple,b4HwfyvThyipScSAv
Wolfgang,Wolf,Male,Cranky,25-Nov,Cool,Active,RbF2wcn6jRxtgLDRd
Yuka,Koala,Female,Snooty,20-Jul,Cool,Elegant,QDcxk3dCNT6yeD9hk
Zell,Deer,Male,Smug,7-Jun,Cool,Gorgeous,LodBWtdMRZbjFNga9
Zucker,Octopus,Male,Lazy,8-Mar,Simple,Cute,2F5tipHqgmWvWXTLC
